img_id;img_path;pred_bbox;noun;target_bbox;iou
0;data/roboflow/screwdriver_19_jpg.rf.6250085fa1d7df8666abd0f2a6b03e19.jpg;[53.49652099609375, 91.78324127197266, 195.39381408691406, 192.77748107910156];hold on the screwdriver;[213, 116, 254.85, 186];0.0
1;data/roboflow/glue_13_jpg.rf.0df8478932e9b34ba87460e9bfd87b01.jpg;[126.8840560913086, 111.93927764892578, 412.6026611328125, 428.16925048828125];toggle on the glue gun;[249, 697.8299999999999, 317.33, 717];0.0
2;data/roboflow/saw_18_jpg.rf.ab0a958d9006ec43edf55d35ca68d3de.jpg;[96.03112030029297, 24.034177780151367, 509.7342224121094, 493.18145751953125];toggle on the circular saw;[410, 318.82, 425.45, 347];0.0022432180591723536
3;data/roboflow/solder_14_jpg.rf.51572171683d9fb98c4af7058ac33310.jpg;[56.04104232788086, 30.071163177490234, 243.37391662597656, 107.58084106445312];hold on the solder iron;[123, 65, 221, 83];0.1214866767231843
4;data/roboflow/wacker_2_jpg.rf.d87338dbcfe8c38ef9f1aebd1f6c5e62.jpg;[451.72705078125, 181.16917419433594, 482.5418701171875, 223.51300048828125];toggle on the weed wacker;[311, 136.86, 333.86, 149];0.0
5;data/roboflow/wrench_18_jpg.rf.14cf4c6c94b5729b581f65caf6cb8a50.jpg;[320.5147705078125, 158.0880126953125, 454.7452087402344, 283.82794189453125];hold on the wrench;[329, 158.75, 592.12, 410];0.2338413392170359
6;data/roboflow/saw_2_jpg.rf.72f9810ddb3e1e20ee87f6da5f52fabb.jpg;[0.6859874129295349, 1.6938971281051636, 1191.168701171875, 900.0];toggle on the circular saw;[543, 686, 609.4300000000001, 716];0.0018635371859568133
7;data/roboflow/solder_11_jpg.rf.7aa6405f7bb7683bab7f4c9be42ffc63.jpg;[447.97686767578125, 0.5637714266777039, 496.3658447265625, 59.42198181152344];hold on the solder iron;[364, 212.24, 419.89, 284];0.0
8;data/roboflow/saw_4_jpg.rf.2e854c7822c53ccda24e718afee152d1.jpg;[105.66180419921875, 59.28176498413086, 1120.336669921875, 1170.2650146484375];toggle on the circular saw;[511, 506, 549, 600];0.0031686701772865294
9;data/roboflow/screwdriver_15_jpg.rf.8acaf201eba6395a5242d168d1a5a978.jpg;[130.62171936035156, 154.6710662841797, 1121.560546875, 983.8952026367188];hold on the screwdriver;[864, 251, 1064, 426];0.04259408214876837
10;data/roboflow/allen_9_jpg.rf.df991db918e51a8a83d037dfcec94b82.jpg;[268.4752502441406, 105.98538970947266, 442.1035461425781, 310.8992004394531];hold on the allen key;[271, 223.33000000000004, 426.83000000000004, 425];0.2557369277469217
11;data/roboflow/glue_7_jpg.rf.5bb8f616e9372edbbeddb27fc765e336.jpg;[223.796142578125, 18.801557540893555, 570.1473388671875, 338.9476318359375];toggle on the glue gun;[331, 142.06, 343.19, 178];0.00395108984731634
12;data/roboflow/drill_12_jpg.rf.86686d019ed7cf722ad3d8a677027769.jpg;[42.0724983215332, 80.566162109375, 86.71817016601562, 141.4112091064453];toggle on the drill;[114, 82.51, 125.62, 89];0.0
13;data/roboflow/screwdriver_18_jpg.rf.4beea6c8b01da09b5e98e8265415572f.jpg;[525.4517211914062, 645.4285888671875, 694.3322143554688, 1141.3634033203125];hold on the screwdriver;[532, 108, 686, 505];0.0
14;data/roboflow/drill_0_jpg.rf.212ff2df5d728e39f939fd1dd4bcbb12.jpg;[23.75982093811035, 26.762813568115234, 1161.9776611328125, 574.5192260742188];toggle on the drill;[524, 379.37, 635.88, 435];0.009982714685537034
15;data/roboflow/nail_9_jpg.rf.3942bd693506149a09dec087470d9cb5.jpg;[155.55670166015625, 108.25623321533203, 228.49923706054688, 149.44532775878906];toggle on the nail gun;[317, 209.62, 335.85, 235];0.0
16;data/roboflow/glue_9_jpg.rf.7b6a82df2f4c1b116a5e2bdd2cfe3c15.jpg;[142.62435913085938, 153.0647430419922, 160.3300018310547, 179.89198303222656];toggle on the glue gun;[79, 98.27, 92.97, 109];0.0
17;data/roboflow/drill_16_jpg.rf.cadd6d5497ef2a4c016c9832375a457c.jpg;[53.59896469116211, 50.705833435058594, 436.7378234863281, 638.9461669921875];toggle on the drill;[283, 395, 316.89, 440];0.006766640161598593
18;data/roboflow/nail_5_jpg.rf.ca1eee2f9c7757408ee343df35fc1ea6.jpg;[226.0083770751953, 111.54054260253906, 264.349853515625, 146.72731018066406];toggle on the nail gun;[227, 183.37, 252, 206];0.0
19;data/roboflow/nail_7_jpg.rf.3e0076daeb458ae570dbf132f6fdfe7d.jpg;[687.6386108398438, 443.3787841796875, 709.072509765625, 465.04913330078125];toggle on the nail gun;[530, 314.75, 561.88, 361];0.0
20;data/roboflow/nail_14_jpg.rf.150a2f2104fc95ae39d31e17eaa03196.jpg;[132.6763916015625, 755.4241333007812, 172.14315795898438, 798.04638671875];toggle on the nail gun;[589, 424, 610, 509];0.0
21;data/roboflow/solder_10_jpg.rf.fa9d6f121c57717ec26d23a194ec2e93.jpg;[23.01201057434082, 116.10379028320312, 599.2691650390625, 311.3586730957031];hold on the solder iron;[192, 89.18, 330.13, 167];0.0604829232434797
22;data/roboflow/wrench_1_jpg.rf.1dca8e4e8d41fe556db62ebb6fce40d9.jpg;[118.56953430175781, 181.07174682617188, 162.98793029785156, 229.87875366210938];hold on the wrench;[176, 111.59000000000003, 360.7, 206];0.0
23;data/roboflow/screwdriver_4_jpg.rf.3e9089aafa51caaccba91397ff711ccc.jpg;[46.14217758178711, 85.48434448242188, 329.0752258300781, 349.61273193359375];hold on the screwdriver;[181, 68, 309.34000000000003, 195];0.18259582969688676
24;data/roboflow/wrench_8_jpg.rf.84a4a4861e86f1c1176767964d453fcf.jpg;[103.14103698730469, 40.453041076660156, 389.8772277832031, 301.7676696777344];hold on the wrench;[118, 119, 313.33000000000004, 285];0.432743749881078
25;data/roboflow/hammer_14_jpg.rf.9f9e774553b5d79ab6a80096d9e248e7.jpg;[206.9441375732422, 71.76419830322266, 382.7076110839844, 239.3893585205078];hold on the hammer;[437, 105, 626, 307];0.0
26;data/roboflow/screwdriver_16_jpg.rf.7ecda12851ea53649db62e4c1ec00d34.jpg;[609.25634765625, 95.9532699584961, 1198.41455078125, 466.90802001953125];hold on the screwdriver;[169, 252.16000000000008, 559, 523];0.0
27;data/roboflow/allen_1_jpg.rf.5b9dbe6b90dbb311d50ce0bf7cdd94af.jpg;[0, 0, 0, 0];hold on the allen key;[184, 478, 1170, 569];0.0
28;data/roboflow/screwdriver_12_jpg.rf.fb58d324f595dce4a1561b146bf1e823.jpg;[535.4254150390625, 478.0706481933594, 560.94921875, 689.7845458984375];hold on the screwdriver;[500, 420.22, 588.89, 658];0.2092482455046161
29;data/roboflow/screwdriver_11_jpg.rf.86ab0bb274d61307b1c8c456a1da45eb.jpg;[81.25850677490234, 19.50473403930664, 203.35214233398438, 160.47705078125];hold on the screwdriver;[93, 99.84, 125.82, 135];0.06704410233086397
30;data/roboflow/wrench_16_jpg.rf.703192c2275ab50e76511cd07c5f0fa9.jpg;[58.32017517089844, 332.07073974609375, 779.4095458984375, 878.2373046875];hold on the wrench;[306, 500, 691, 797];0.29033739431648475
31;data/roboflow/saw_0_jpg.rf.e6961a1c0a9f05470005a80d79862f58.jpg;[73.89260864257812, 234.68380737304688, 1165.317138671875, 924.6888427734375];toggle on the circular saw;[678, 554, 742, 580];0.002209567897393056
32;data/roboflow/hammer_8_jpg.rf.53462f20f1fa485c80c9518436da3e42.jpg;[129.90086364746094, 49.88426208496094, 196.16131591796875, 365.01165771484375];hold on the hammer;[129, 244, 195, 558];0.23357599617021696
33;data/roboflow/allen_11_jpg.rf.a6c767081f97c455a64eb5ba085342fa.jpg;[803.3822631835938, 181.12303161621094, 2122.541015625, 1108.7598876953125];hold on the allen key;[805, 2696.5, 1862.5, 3069];0.0
34;data/roboflow/glue_10_jpg.rf.ae54febb95813097775309389f29c77e.jpg;[53.04947280883789, 24.369922637939453, 197.27261352539062, 185.681396484375];toggle on the glue gun;[110, 70.9, 137.34, 97];0.030671767924558706
35;data/roboflow/solder_7_jpg.rf.3fa9b0142c7c519b08f9b792668d0360.jpg;[238.6382293701172, 670.8951416015625, 378.7165832519531, 839.7090454101562];hold on the solder iron;[140, 559, 222, 856];0.0
36;data/roboflow/solder_12_jpg.rf.141cf71e923c9580c70f71e929b811fa.jpg;[111.46681213378906, 227.37744140625, 335.83404541015625, 375.6524353027344];hold on the solder iron;[664, 414, 750.87, 664];0.0
37;data/roboflow/solder_0_jpg.rf.d748f8da95299784b7e2496fd1026295.jpg;[923.1217041015625, 1442.1697998046875, 2938.574462890625, 2667.25390625];hold on the solder iron;[1388, 1539, 2438, 1979];0.1871127781487491
38;data/roboflow/allen_2_jpg.rf.7a42d727fb9820c4dd80dde675364208.jpg;[211.67784118652344, 0.11099576950073242, 585.0238647460938, 297.913330078125];hold on the allen key;[217, 894.34, 581.1700000000001, 986];0.0
39;data/roboflow/nail_16_jpg.rf.643dc073f89e2c1d30be10cd1f3078c3.jpg;[59.950782775878906, 147.62673950195312, 374.5454406738281, 370.7020263671875];toggle on the nail gun;[276, 243, 313.33, 264];0.011170548046525166
40;data/roboflow/saw_14_jpg.rf.bf77b5a93a3a0d5749379e266d44cb5e.jpg;[25.59185028076172, 26.10567283630371, 938.2978515625, 648.2233276367188];toggle on the circular saw;[407, 489.34000000000003, 423.67, 551];0.0018102380444781495
41;data/roboflow/glue_3_jpg.rf.1357ae167c4ec9c85e80bd5e17b03c64.jpg;[525.4925537109375, 555.3975219726562, 604.2035522460938, 683.87158203125];toggle on the glue gun;[290, 543, 424.15999999999997, 593];0.0
42;data/roboflow/solder_5_jpg.rf.8386acfec94c47292d320319ceffefe5.jpg;[390.6170654296875, 525.3298950195312, 554.906005859375, 768.0628051757812];hold on the solder iron;[341, 207.87, 381.63, 421];0.0
43;data/roboflow/hammer_5_jpg.rf.111cf96c55a3c37f56afe7dc3f6224ee.jpg;[120.84882354736328, 141.48660278320312, 610.01708984375, 1247.602783203125];hold on the hammer;[308, 115, 411, 594];0.08570880233181259
44;data/roboflow/saw_16_jpg.rf.08cb5bb3f895e6ddf476231d93cc87fc.jpg;[4.494524002075195, 0.0, 897.8607177734375, 711.1002197265625];toggle on the circular saw;[430, 902, 483, 970];0.0
45;data/roboflow/hammer_3_jpg.rf.d5d45780df9c29adadeb71cb01ef8fff.jpg;[442.5486145019531, 253.33822631835938, 487.8033447265625, 487.88238525390625];hold on the hammer;[432, 233, 518, 700];0.26428545984727053
46;data/roboflow/allen_15_jpg.rf.84eacc06d0a77038d94e690f48ed9b39.jpg;[847.6575317382812, 557.58154296875, 999.6317138671875, 608.1532592773438];hold on the allen key;[143, 380.83000000000004, 855.5, 450];0.0
47;data/roboflow/drill_11_jpg.rf.2af05b31d23bbe92e005ce105e1800f0.jpg;[269.87554931640625, 118.89646911621094, 1162.0252685546875, 894.140380859375];toggle on the drill;[679, 389.14, 708.28, 467];0.003296168193790725
48;data/roboflow/allen_13_jpg.rf.a0f01b6dde96397f10899cc21473aa0e.jpg;[33.34147262573242, 10.21187686920166, 268.5753173828125, 277.8516845703125];hold on the allen key;[33, 186.25, 119.25, 268];0.11150157382002146
49;data/roboflow/glue_2_jpg.rf.8a15037652e0c691b02a6e546d5a1bbf.jpg;[4.76585054397583, 1.8996715545654297, 492.17498779296875, 974.2068481445312];toggle on the glue gun;[138, 617.83, 180.5, 767];0.013377447708872435
50;data/roboflow/wrench_11_jpg.rf.89e651e4fa1e825d7ca9187a175200b6.jpg;[99.61600494384766, 89.87570190429688, 194.29100036621094, 185.0221710205078];hold on the wrench;[50, 130.93, 117.96, 170];0.06547303863748581
51;data/roboflow/wacker_16_jpg.rf.2147f7f6bf8bb1e498199e5d7b08b40a.jpg;[1240.6690673828125, 890.8872680664062, 1431.9134521484375, 1062.0262451171875];toggle on the weed wacker;[935, 788.75, 986.25, 835];0.0
52;data/roboflow/wacker_15_jpg.rf.749dc2f49bd5654fdbe3747de8cf48bb.jpg;[50.157676696777344, 134.71261596679688, 561.2164916992188, 307.0036315917969];toggle on the weed wacker;[357, 217.57, 377.71, 229];0.002688393363062729
53;data/roboflow/glue_6_jpg.rf.619ad5b67a361a53be56c8fbfdfc7b12.jpg;[40.2345085144043, 12.635436058044434, 193.82969665527344, 61.810062408447266];toggle on the glue gun;[104, 139.74, 116.96000000000001, 159];0.0
54;data/roboflow/saw_19_jpg.rf.8f47d8dbf342a941d9de7a54cd7d4ef8.jpg;[100.39288330078125, 17.1473331451416, 315.66668701171875, 237.2025146484375];toggle on the circular saw;[244, 328.69, 267.12, 334];0.0
55;data/roboflow/drill_6_jpg.rf.3f895b36079933bf8e2e59fbbb0bcc0a.jpg;[264.55194091796875, 198.29469299316406, 1110.0059814453125, 829.7835083007812];toggle on the drill;[646, 386.85, 661, 459];0.0020270848487399865
56;data/roboflow/hammer_4_jpg.rf.be49520bcdc487c23b0f5cdfc8555d03.jpg;[206.44126892089844, 106.41507720947266, 222.84532165527344, 131.93865966796875];hold on the hammer;[112, 95.97, 218.48000000000002, 118];0.05313104818604049
57;data/roboflow/allen_6_jpg.rf.e32dab49b55efbfb4ef83c50b633003f.jpg;[103.94297790527344, 71.16341400146484, 289.92437744140625, 143.9776611328125];hold on the allen key;[102, 336.23, 284.31, 412];0.0
58;data/roboflow/nail_1_jpg.rf.ca3b1c00b4cee0fd6983ddacc4edd612.jpg;[320.4304504394531, 312.226318359375, 340.290771484375, 333.8253479003906];toggle on the nail gun;[335, 254, 364.5, 287];0.0
59;data/roboflow/screwdriver_6_jpg.rf.e8fbf1ef6ec0bca566d011cc989bcbc9.jpg;[594.9957885742188, 503.489013671875, 1009.8837890625, 871.8930053710938];hold on the screwdriver;[545, 148, 898.5699999999999, 448];0.0
60;data/roboflow/saw_10_jpg.rf.369ecf7a1cbcd7bee2dd4631e4e7cd77.jpg;[92.61698913574219, 67.27989196777344, 952.9074096679688, 552.3388671875];toggle on the circular saw;[784, 501, 804.62, 541];0.00197655553145775
61;data/roboflow/solder_18_jpg.rf.f3ae27d2c6d71f6cdae4c97a5da3103e.jpg;[0.07346436381340027, 32.042667388916016, 48.51911163330078, 78.39237213134766];hold on the solder iron;[44, 96.44, 115.48, 152];0.0
62;data/roboflow/wrench_4_jpg.rf.1bc53859ca2ff1f67ea1c393537bae51.jpg;[38.88381576538086, 38.23582458496094, 1094.940185546875, 848.4212036132812];hold on the wrench;[597, 138.43000000000006, 914.86, 497];0.13321046012020138
63;data/roboflow/wacker_3_jpg.rf.43e9ae0cfc9d836d36e66e0220e97f1f.jpg;[121.07469177246094, 502.17181396484375, 149.9237823486328, 528.0675048828125];toggle on the weed wacker;[217, 424.66999999999996, 252.82999999999998, 438];0.0
64;data/roboflow/allen_3_jpg.rf.f452a3b83561eb67c6141ea368168648.jpg;[82.59529113769531, 152.66139221191406, 721.426513671875, 449.22882080078125];hold on the allen key;[142, 176.5, 555.5, 430];0.5532786246912721
65;data/roboflow/wacker_5_jpg.rf.534ac3f6e093b02ebc610cf9b31141c3.jpg;[0, 0, 0, 0];toggle on the weed wacker;[898, 603, 937, 618];0.0
66;data/roboflow/screwdriver_7_jpg.rf.fef662b242509997a0395209c9f8f941.jpg;[170.38287353515625, 13.432817459106445, 207.50177001953125, 377.449951171875];hold on the screwdriver;[173, 331.67, 204.34, 383];0.10483407114003478
67;data/roboflow/hammer_10_jpg.rf.295b81df7c4e3044a1fa86ecb6959009.jpg;[102.65158081054688, 361.41741943359375, 1080.0, 709.1759643554688];hold on the hammer;[523, 484.66999999999996, 976.3399999999999, 568];0.11114711573082903
68;data/roboflow/wrench_10_jpg.rf.dc0edb1bb8d02dc9c1059b588df7d8f0.jpg;[1.91619873046875, 302.3841552734375, 1276.540283203125, 926.7020263671875];hold on the wrench;[913, 740, 1244, 980];0.07597423408928701
69;data/roboflow/hammer_18_jpg.rf.dfe188c41f795463dbcc7babd994c330.jpg;[127.51121520996094, 74.37894439697266, 167.11595153808594, 384.1895751953125];hold on the hammer;[127, 16.33000000000004, 168.32999999999998, 205];0.3473239778970343
70;data/roboflow/screwdriver_5_jpg.rf.575f3ba9ba3035af307fe1c80d0066f1.jpg;[787.76025390625, 735.163818359375, 2498.8154296875, 1125.142578125];hold on the screwdriver;[1590, 609.5, 2378.75, 932];0.20257836007447722
71;data/roboflow/screwdriver_10_jpg.rf.e90b90d3657072e118d91fa1188f2e8e.jpg;[204.26719665527344, 248.14064025878906, 249.42599487304688, 303.8037414550781];hold on the screwdriver;[101, 267.78999999999996, 166.70999999999998, 436];0.0
72;data/roboflow/saw_5_jpg.rf.251577bb54d32d45d70b87498870b6c5.jpg;[110.87493133544922, 25.899608612060547, 1009.3484497070312, 843.7294921875];toggle on the circular saw;[585, 709.4300000000001, 631.43, 743];0.002121200730549319
73;data/roboflow/saw_17_jpg.rf.5ce2bac53e73010826e4a9de3af91fc9.jpg;[28.69407081604004, 33.721134185791016, 399.6709899902344, 235.97914123535156];toggle on the circular saw;[166, 395.36, 184.64, 424];0.0
74;data/roboflow/wacker_17_jpg.rf.59bbe305aa8c51bfde475e59faba15a3.jpg;[653.3765869140625, 648.5130615234375, 804.3422241210938, 765.3295288085938];toggle on the weed wacker;[1135, 946.25, 1212.5, 975];0.0
75;data/roboflow/solder_19_jpg.rf.6ba82ef7654945a115827964553b9f86.jpg;[92.54630279541016, 74.43706512451172, 487.93206787109375, 277.49298095703125];hold on the solder iron;[288, 192.09000000000003, 398, 280];0.11661108556400045
76;data/roboflow/screwdriver_0_jpg.rf.47ddc4bdab6af5228c6456ea355534b8.jpg;[35.004661560058594, 18.523941040039062, 278.873046875, 309.3955078125];hold on the screwdriver;[47, 249.67000000000002, 132.34, 356];0.06803985473273698
77;data/roboflow/saw_11_jpg.rf.ef778852807d9700d37342481a46b674.jpg;[71.57379913330078, 134.57888793945312, 867.0518188476562, 483.5830078125];toggle on the circular saw;[477, 227.5, 543, 243];0.003684825245782472
78;data/roboflow/wacker_1_jpg.rf.3aa1825fc5e85db70c628bbff2cef848.jpg;[0, 0, 0, 0];toggle on the weed wacker;[406, 244, 440.5, 266];0.0
79;data/roboflow/wrench_3_jpg.rf.5688e17fbf1f3fa1e675f1780e9bcdee.jpg;[427.4669494628906, 127.66702270507812, 641.3128051757812, 1192.3084716796875];hold on the wrench;[496, 226, 566, 869];0.19769915111557398
80;data/roboflow/nail_18_jpg.rf.ca0aa65b5b35c49485de3519192627e9.jpg;[1426.4661865234375, 870.4046630859375, 1731.48974609375, 1309.7877197265625];toggle on the nail gun;[1350, 1072, 1400, 1197];0.0
81;data/roboflow/nail_4_jpg.rf.004c821c0b80d982e00465f2ec4ce69f.jpg;[70.88054656982422, 178.2782440185547, 106.960693359375, 221.42001342773438];toggle on the nail gun;[117, 113.16999999999999, 124.71, 124];0.0
82;data/roboflow/allen_16_jpg.rf.56825daea3cb1ce94eb216620f07142a.jpg;[53.8773078918457, 29.068035125732422, 119.9634780883789, 44.796363830566406];hold on the allen key;[118, 18.960000000000008, 141.96, 215];0.005412559177695542
83;data/roboflow/solder_15_jpg.rf.9fe111e492dc5f76a67f271c63763cfc.jpg;[376.31085205078125, 178.67971801757812, 423.7296142578125, 277.3419494628906];hold on the solder iron;[263, 92.12, 347.37, 279];0.0
84;data/roboflow/solder_6_jpg.rf.95a632bd111bc3f1f074edf23bbac04e.jpg;[30.971818923950195, 86.16211700439453, 293.7144470214844, 142.01129150390625];hold on the solder iron;[148, 32.620000000000005, 223.16, 57];0.0
85;data/roboflow/saw_9_jpg.rf.4a74dcc308d112ff86028beeb86ebd1b.jpg;[131.07066345214844, 127.1291732788086, 1120.652099609375, 702.7328491210938];toggle on the circular saw;[939, 594.15, 970.43, 647];0.0029161796454118703
86;data/roboflow/hammer_13_jpg.rf.b9cecdc13f6529d4aa2a4aa8a5373dec.jpg;[3.5898895263671875, 14.923205375671387, 661.7481079101562, 519.1787109375];hold on the hammer;[231, 180.51, 1251.63, 313];0.13918335139820323
87;data/roboflow/wacker_6_jpg.rf.b216f2fd6df84d287d59f61952666bab.jpg;[52.00896453857422, 149.5197296142578, 59.319068908691406, 160.40805053710938];toggle on the weed wacker;[138, 156.22, 153.28, 164];0.0
88;data/roboflow/saw_1_jpg.rf.dabeec130f46a0ed64b7181f627e80b4.jpg;[25.1267032623291, 97.7702407836914, 1019.3192749023438, 664.8631591796875];toggle on the circular saw;[403, 597, 475.14, 637];0.005118130927044778
89;data/roboflow/hammer_9_jpg.rf.ae9639e7c8ea7a8f852d0d0c52054069.jpg;[113.8011245727539, 368.0057067871094, 976.4015502929688, 671.3856201171875];hold on the hammer;[567, 429.83000000000004, 948.6700000000001, 514];0.12275773339663175
90;data/roboflow/wrench_7_jpg.rf.d641a5052e86bd3f20db3e0a60202807.jpg;[12.631988525390625, 18.96535873413086, 398.38348388671875, 234.01870727539062];hold on the wrench;[111, 131.5, 306.25, 220];0.20829578688588307
91;data/roboflow/wacker_9_jpg.rf.1ca5109d13dd10dc9dff8247d6651c6d.jpg;[1177.1798095703125, 643.90478515625, 1203.828125, 662.2935180664062];toggle on the weed wacker;[1194, 490, 1219, 504];0.0
92;data/roboflow/wacker_7_jpg.rf.70fd0164c6c486da49500c41f7938930.jpg;[183.92820739746094, 111.28238677978516, 222.96534729003906, 159.82940673828125];toggle on the weed wacker;[47, 87, 64.22, 97];0.0
93;data/roboflow/wacker_12_jpg.rf.6e0fca0ef35537788d49e48c6aadcb74.jpg;[424.48223876953125, 879.6129760742188, 616.1817016601562, 1271.3017578125];toggle on the weed wacker;[985, 880.75, 1032.5, 902];0.0
94;data/roboflow/glue_11_jpg.rf.70118f43562387f2c89ace63f2c4dd9e.jpg;[225.87066650390625, 202.73431396484375, 1033.9039306640625, 1055.3016357421875];toggle on the glue gun;[608, 705, 721.75, 775];0.011558235079532212
95;data/roboflow/wacker_18_jpg.rf.8860d00066a92ef5c0ab20cd5f7352ba.jpg;[969.751220703125, 227.6874542236328, 997.5228271484375, 253.9147491455078];toggle on the weed wacker;[739, 333.25, 757.75, 352];0.0
96;data/roboflow/glue_12_jpg.rf.c0123478d172c7a1a85ab00b021bc6c1.jpg;[299.4739685058594, 199.310302734375, 330.84503173828125, 288.716064453125];toggle on the glue gun;[194, 192.73000000000002, 232.19, 225];0.0
97;data/roboflow/glue_1_jpg.rf.da77fbeb1a8f03ddfd89710b581a10aa.jpg;[198.95669555664062, 137.56996154785156, 275.58746337890625, 233.42816162109375];toggle on the glue gun;[237, 184, 278.5, 274];0.20791762210050246
98;data/roboflow/wacker_8_jpg.rf.4681371591f966572891d1617b75503a.jpg;[524.9395751953125, 213.47499084472656, 770.2433471679688, 379.7254638671875];toggle on the weed wacker;[297, 248.36, 322, 267];0.0
99;data/roboflow/drill_5_jpg.rf.ce91003ea2dbd3846b483be0452e5f5a.jpg;[79.38078308105469, 38.99031448364258, 199.04869079589844, 159.0623321533203];toggle on the drill;[184, 162.48, 193.47, 178];0.0
100;data/roboflow/solder_2_jpg.rf.33e64abc8c3f90f08df71b0827cdae07.jpg;[47.6237678527832, 191.1693115234375, 165.2123260498047, 239.745361328125];hold on the solder iron;[215, 196.67000000000002, 269.65999999999997, 239];0.0
101;data/roboflow/wrench_5_jpg.rf.779c6debdb052cede0d2543998297605.jpg;[51.323829650878906, 428.84625244140625, 1122.68798828125, 816.6101684570312];hold on the wrench;[245, 505, 909, 656];0.2413462307602904
102;data/roboflow/drill_15_jpg.rf.cf5a361374a6941061ada1024ee8a0ef.jpg;[166.193603515625, 62.604713439941406, 945.7860107421875, 956.6680908203125];toggle on the drill;[534, 524.34, 583.17, 611];0.0061134024492724625
103;data/roboflow/allen_10_jpg.rf.f22ee109908456d2820f51f610f46529.jpg;[56.621124267578125, 297.9454650878906, 940.0848388671875, 465.9605712890625];hold on the allen key;[227, 589.5, 934.5, 697];0.0
104;data/roboflow/wrench_13_jpg.rf.4caf9cd8b49890ef93a1c00ce41e08ee.jpg;[73.02791595458984, 49.55911636352539, 101.53949737548828, 91.3234634399414];hold on the wrench;[108, 87.52000000000001, 138, 149];0.0
105;data/roboflow/nail_13_jpg.rf.1f0041024e3f62229e34450ab961ebf1.jpg;[301.09417724609375, 66.13995361328125, 377.65179443359375, 162.30419921875];toggle on the nail gun;[258, 163, 268, 181];0.0
106;data/roboflow/solder_9_jpg.rf.5cee98ab2544208a4c02239bf354b2a5.jpg;[409.6651306152344, 72.74304962158203, 495.90936279296875, 168.1750030517578];hold on the solder iron;[218, 215.92000000000002, 403.84000000000003, 343];0.0
107;data/roboflow/nail_11_jpg.rf.c6410dd7af2bad845d6cabc69b20f5b6.jpg;[107.1847915649414, 75.91922760009766, 482.37579345703125, 632.9828491210938];toggle on the nail gun;[690, 425.13, 718.12, 462];0.0
108;data/roboflow/glue_5_jpg.rf.74127088b07faf53064c99c5a1c9729f.jpg;[278.27337646484375, 3.6109437942504883, 1715.1002197265625, 1061.043701171875];toggle on the glue gun;[1002, 409, 1071, 586];0.008038317648642126
109;data/roboflow/allen_17_jpg.rf.4abd1e9438888b7b74a5d25c9c14f57f.jpg;[53.069339752197266, 309.71881103515625, 266.30126953125, 431.8930969238281];hold on the allen key;[299, 262.5, 438.5, 361];0.0
110;data/roboflow/saw_3_jpg.rf.00ac9c7738eca4db89990d955e913c97.jpg;[5.540555000305176, 2.795015573501587, 851.1544189453125, 960.3895874023438];toggle on the circular saw;[362, 763, 396.17, 808];0.001898907117477034
111;data/roboflow/saw_15_jpg.rf.d95aa641412a788141d574db07c90dc0.jpg;[11.503026008605957, 57.12660217285156, 834.9689331054688, 528.8334350585938];toggle on the circular saw;[415, 412.5, 446.5, 473];0.004906232645152209
112;data/roboflow/allen_12_jpg.rf.d2442148d7fb66f0c553106bd546fde5.jpg;[63.03196334838867, 38.646358489990234, 184.98211669921875, 150.54161071777344];hold on the allen key;[128, 43.69, 168.55, 108];0.19110645557824943
113;data/roboflow/drill_10_jpg.rf.617b871bde9bf6d7f74ce46376ba9677.jpg;[206.37255859375, 83.87198638916016, 412.06884765625, 386.9913635253906];toggle on the drill;[287, 244.77, 300.84, 274];0.006488207772779829
114;data/roboflow/screwdriver_17_jpg.rf.6f3ba1391076f55e6d1477d0a2a04490.jpg;[142.68927001953125, 160.281005859375, 183.03138732910156, 216.1682891845703];hold on the screwdriver;[132, 38.66999999999996, 186.66, 178];0.07807508907040697
115;data/roboflow/nail_10_jpg.rf.e8c10c27adad7180f857ed963ee8ea4d.jpg;[112.99688720703125, 68.72761535644531, 154.49647521972656, 118.61280822753906];toggle on the nail gun;[135, 115.16999999999999, 146.04, 126];0.01766388173177761
116;data/roboflow/wrench_14_jpg.rf.311eeee1f50a33d7ba19b31e3cff11b1.jpg;[166.84121704101562, 777.3203735351562, 1873.790771484375, 1250.3441162109375];hold on the wrench;[1160, 1053.33, 1865, 1210];0.13679534965346485
117;data/roboflow/wacker_4_jpg.rf.8b58c303a0be79b0bf5eb1787863c3ab.jpg;[460.8473205566406, 85.20210266113281, 481.5683288574219, 103.9057846069336];toggle on the weed wacker;[436, 505, 454, 554];0.0
118;data/roboflow/wrench_15_jpg.rf.42f8c7c01944ef48270def696cf1043d.jpg;[7.6328654289245605, 0.0, 940.79541015625, 1005.11669921875];hold on the wrench;[141, 610, 565, 1124];0.16950527183179645
119;data/roboflow/hammer_1_jpg.rf.55e5712fb05f7db21a76e912587ec234.jpg;[80.87487030029297, 126.23906707763672, 107.55803680419922, 241.7979278564453];hold on the hammer;[82, 14.620000000000005, 110.13, 139];0.052131877476637965
120;data/roboflow/screwdriver_1_jpg.rf.f272de78412ad2c531057645ec07c61e.jpg;[143.89881896972656, 53.18982696533203, 341.4866027832031, 342.0023498535156];hold on the screwdriver;[262, 217.44, 321.06, 309];0.09475957761919217
121;data/roboflow/allen_19_jpg.rf.00ae41782552de95b6dbe42a2033dd17.jpg;[131.8296661376953, 121.37853240966797, 385.8006896972656, 232.75538635253906];hold on the allen key;[145, 134.82999999999998, 303.83000000000004, 226];0.5119238639631636
122;data/roboflow/drill_13_jpg.rf.52f030bf69a62861b2393732da0e9827.jpg;[0.0, 2.4354169368743896, 826.6617431640625, 1173.4398193359375];toggle on the drill;[312, 807, 430, 893];0.010483205306281865
123;data/roboflow/hammer_17_jpg.rf.d4b91f72a62fc90a8873256c5bf4bc3c.jpg;[140.8239288330078, 146.34945678710938, 1546.5313720703125, 606.3599853515625];hold on the hammer;[828, 283.33000000000004, 1453.83, 415];0.12743258622858145
124;data/roboflow/drill_4_jpg.rf.4248ac48968ef128b497e218c7a23095.jpg;[34.939632415771484, 45.51669692993164, 368.3326416015625, 564.8677978515625];toggle on the drill;[180, 365.5, 201, 378];0.001516043847094721
125;data/roboflow/drill_19_jpg.rf.75f6f2ec74b675459c112a2a9161f551.jpg;[0.0, 4.593992233276367, 439.3187255859375, 484.04193115234375];toggle on the drill;[274, 240.83999999999997, 309.42, 260];0.003221980372736133
126;data/roboflow/saw_8_jpg.rf.be9b0007f6a223a997ebd5619bfe44dc.jpg;[8.359932899475098, 37.60881423950195, 495.1642150878906, 443.9480285644531];toggle on the circular saw;[212, 361.40999999999997, 230.75, 391];0.0028048078279757672
127;data/roboflow/glue_0_jpg.rf.5cb7eab2a906d41299bc60c6d9b206be.jpg;[402.6551818847656, 94.25535583496094, 1774.015869140625, 1843.233154296875];toggle on the glue gun;[1243, 900, 1324.67, 1285];0.013109535173181005
128;data/roboflow/saw_7_jpg.rf.109812051e475e298545865a31ed87f6.jpg;[283.9930725097656, 206.93150329589844, 865.2623291015625, 715.13623046875];toggle on the circular saw;[626, 614.3299999999999, 660.16, 646];0.0036622658839934098
129;data/roboflow/nail_0_jpg.rf.cf3d235e94862258918057e38236c8dd.jpg;[502.03338623046875, 544.9888916015625, 573.5270385742188, 587.60595703125];toggle on the nail gun;[394, 622, 459, 646];0.0
130;data/roboflow/glue_19_jpg.rf.d413783fc14438fec0222b1250d37c98.jpg;[31.634428024291992, 39.771480560302734, 195.91563415527344, 82.837158203125];toggle on the glue gun;[104, 70.69, 128.22, 96];0.039791274852745154
131;data/roboflow/screwdriver_3_jpg.rf.3a333c42804a68966bea544528966317.jpg;[260.22113037109375, 109.41454315185547, 336.1900634765625, 530.370849609375];hold on the screwdriver;[274, 291, 334.5, 496];0.38782534565310456
132;data/roboflow/drill_2_jpg.rf.1a5212189e5706880c9479850bc0fc97.jpg;[279.06280517578125, 191.18484497070312, 871.2944946289062, 1346.5889892578125];toggle on the drill;[541, 817, 618.5, 927];0.012458588012001575
133;data/roboflow/wrench_0_jpg.rf.968d82377e09dd33302425888696c200.jpg;[80.77210998535156, 297.51611328125, 2434.87841796875, 2184.046875];hold on the wrench;[2092, 1583, 2792, 2173];0.04348820964165954
134;data/roboflow/glue_14_jpg.rf.ef00da097967ccc7af96873d9d3dc333.jpg;[0.4113006591796875, 0.9775114059448242, 200.0, 148.71762084960938];toggle on the glue gun;[75, 99.77, 79.04, 123];0.0031827037108864047
135;data/roboflow/wrench_2_jpg.rf.a2afaa627952c8b40ba0f8ae446395f4.jpg;[172.92459106445312, 254.4437255859375, 773.3780517578125, 1056.1109619140625];hold on the wrench;[340, 175, 728, 743];0.37009813323361285
136;data/roboflow/glue_17_jpg.rf.db2f88c43c959eebeeaaa9c9a5512e5c.jpg;[0.38313865661621094, 0.8023738861083984, 200.0, 148.5986328125];toggle on the glue gun;[75, 100.26, 80.65, 123];0.004354900575249557
137;data/roboflow/drill_18_jpg.rf.0f42ffb7f664acc515f8d2a839cb54ca.jpg;[245.52816772460938, 112.0177993774414, 629.5659790039062, 457.55255126953125];toggle on the drill;[491, 588, 545, 675];0.0
138;data/roboflow/wacker_13_jpg.rf.6d69a2148e91250045526bbc78181b15.jpg;[438.4217834472656, 1370.7288818359375, 499.6235656738281, 1410.2271728515625];toggle on the weed wacker;[1705, 1429.5, 1752.5, 1462];0.0
139;data/roboflow/wacker_0_jpg.rf.86c904f3270e1c14d2dc09cd4c07c125.jpg;[56.29830551147461, 329.0179748535156, 125.75514221191406, 411.8602600097656];toggle on the weed wacker;[700, 509.57, 755.71, 526];0.0
140;data/roboflow/screwdriver_9_jpg.rf.75fc1ec75dcf784c3571c406697000b1.jpg;[82.75501251220703, 147.88006591796875, 94.02320861816406, 208.63536071777344];hold on the screwdriver;[68, 147.45999999999998, 104.46000000000001, 236];0.21207151903210203
141;data/roboflow/nail_2_jpg.rf.17dbc55b6601a8b0ad44d388c3685117.jpg;[176.4807586669922, 447.1741027832031, 254.72132873535156, 502.29461669921875];toggle on the nail gun;[217, 296, 251.5, 332];0.0
142;data/roboflow/hammer_6_jpg.rf.d97604e1b053a8bb69c2abccd9896ef5.jpg;[44.856422424316406, 103.80607604980469, 354.3515625, 217.63296508789062];hold on the hammer;[119, 140.5, 331, 177];0.21964940194928578
143;data/roboflow/hammer_7_jpg.rf.f20fc313f9dc5bcf87ab92fa78e56629.jpg;[3.8401031494140625, 80.59790802001953, 362.3688049316406, 208.590087890625];hold on the hammer;[20, 103.5, 301.94, 168];0.3962862882744768
144;data/roboflow/wrench_12_jpg.rf.327c0c64c489bb9a731ba4043353d7d4.jpg;[834.9264526367188, 773.2020874023438, 1195.263671875, 1969.9576416015625];hold on the wrench;[855, 175, 1151.67, 1115];0.1665853295671415
145;data/roboflow/hammer_19_jpg.rf.ed319d2dccdb410a674538614e984936.jpg;[10.106375694274902, 57.327537536621094, 138.3063507080078, 163.50790405273438];hold on the hammer;[127, 107.74, 208.48000000000002, 132];0.017910339474524785
146;data/roboflow/solder_3_jpg.rf.059fb280e11c0615605b82aaf38b56b4.jpg;[2.8513669967651367, 125.73106384277344, 436.44561767578125, 221.25392150878906];hold on the solder iron;[126, 158.55, 247.67000000000002, 203];0.1305763281829874
147;data/roboflow/nail_6_jpg.rf.c51a692ff3a2a1695c888862840f1a2e.jpg;[995.1124267578125, 962.1361694335938, 1326.1800537109375, 1135.379638671875];toggle on the nail gun;[1006, 696.25, 1054.75, 770];0.0
148;data/roboflow/wacker_14_jpg.rf.c259733b8d02dd602401799e3ef77391.jpg;[248.17076110839844, 165.84678649902344, 267.5596618652344, 184.4021759033203];toggle on the weed wacker;[475, 200, 494, 227];0.0
149;data/roboflow/wrench_9_jpg.rf.99d3f0caf4e8770424aff1ca539b3718.jpg;[0, 0, 0, 0];hold on the wrench;[44, 177, 404.5, 293];0.0
150;data/roboflow/allen_7_jpg.rf.de65912c03b4e399bca10e2cbcb7f960.jpg;[3.0016698837280273, 5.976487159729004, 257.0533447265625, 186.0364532470703];hold on the allen key;[193, 105.06, 244.72, 176];0.08020666781882582
151;data/roboflow/solder_13_jpg.rf.b89dfb4e46d0332a54ff47bf1e190eb8.jpg;[30.27670669555664, 225.35012817382812, 37.44776916503906, 243.6013641357422];hold on the solder iron;[103, 110.25, 133, 219];0.0
152;data/roboflow/glue_15_jpg.rf.3aef761c7936e5cd086ab3a3f820f823.jpg;[52.55522918701172, 260.9808044433594, 102.89708709716797, 321.314453125];toggle on the glue gun;[300, 128, 326, 187];0.0
153;data/roboflow/wacker_11_jpg.rf.9b7cd2ed30ebc8fce262d956d6adc4a2.jpg;[0, 0, 0, 0];toggle on the weed wacker;[263, 246.92, 274.25, 259];0.0
154;data/roboflow/drill_3_jpg.rf.3f880ad07c21569127b115ff86dda4f7.jpg;[231.073486328125, 91.7251205444336, 831.0075073242188, 686.4163818359375];toggle on the drill;[472, 182.55, 550.89, 272];0.01977913312876119
155;data/roboflow/solder_16_jpg.rf.243d99cf2b83a48bff1aaae682347418.jpg;[4.3569159507751465, 89.60336303710938, 301.03680419921875, 173.6531524658203];hold on the solder iron;[72, 179.22, 245.61, 227];0.0
156;data/roboflow/nail_8_jpg.rf.b5946764e32598fedd52ef0a14f46135.jpg;[335.1353759765625, 265.9040222167969, 641.495849609375, 369.5332946777344];toggle on the nail gun;[893, 817.5, 934.25, 920];0.0
157;data/roboflow/saw_12_jpg.rf.0de55e62c07a477107d925b033af221e.jpg;[145.13796997070312, 208.6340789794922, 1162.033447265625, 697.3478393554688];toggle on the circular saw;[910, 452.5, 930.63, 490];0.0015566809566228141
158;data/roboflow/nail_17_jpg.rf.f25272b787dcfa80488008918f505907.jpg;[937.8365478515625, 215.08970642089844, 984.4384155273438, 257.65118408203125];toggle on the nail gun;[463, 474.12, 502.38, 501];0.0
159;data/roboflow/allen_14_jpg.rf.f0cb183b90bffc8b7187076abf866549.jpg;[327.13177490234375, 533.3152465820312, 1145.9840087890625, 823.0361938476562];hold on the allen key;[505, 690.75, 1133.75, 957];0.2587344432267064
160;data/roboflow/screwdriver_2_jpg.rf.6aa70b18945100e04471d37e76e9fdc3.jpg;[37.22891616821289, 199.0067596435547, 782.9497680664062, 872.8232421875];hold on the screwdriver;[478, 745, 746, 981];0.06445632848061272
161;data/roboflow/allen_4_jpg.rf.8e83c5d669993fb6fc2ec8b911561b57.jpg;[5.022315979003906, 38.277610778808594, 293.58935546875, 164.5315704345703];hold on the allen key;[31, 374.5, 268.08000000000004, 482];0.0
162;data/roboflow/nail_12_jpg.rf.01340587ec8332697c7a2250fc2b3def.jpg;[109.3917236328125, 148.4602813720703, 128.98265075683594, 196.86471557617188];toggle on the nail gun;[111, 126.15, 120.26, 138];0.0
163;data/roboflow/nail_15_jpg.rf.7e07e37aae26e758ded31604210a1bdf.jpg;[151.5249481201172, 158.76278686523438, 181.12762451171875, 170.52198791503906];toggle on the nail gun;[105, 80.81, 120.47, 88];0.0
164;data/roboflow/hammer_15_jpg.rf.6eb9f0d8aff263ee6bbe512f6c3a8362.jpg;[93.48660278320312, 28.952999114990234, 116.03282928466797, 172.23780822753906];hold on the hammer;[98, 10, 114.76, 95];0.31197585210754375
165;data/roboflow/drill_14_jpg.rf.48b8a06b8732562d7b244613b2c90bfc.jpg;[0.5729198455810547, 14.056694984436035, 490.7664489746094, 299.98193359375];toggle on the drill;[252, 87.37, 267.27, 115];0.003010231221029452
166;data/roboflow/saw_6_jpg.rf.eac0e3851c38dfa8b6a5efb40f5eeda3.jpg;[2.083568572998047, 165.9855499267578, 892.0259399414062, 1169.7283935546875];toggle on the circular saw;[417, 820, 451, 910];0.0034256033917477837
167;data/roboflow/drill_7_jpg.rf.1e972d47ab5067c6a9a37d06c7244a73.jpg;[239.601806640625, 0.0, 337.6343078613281, 65.55751037597656];toggle on the drill;[612, 598, 628, 643];0.0
168;data/roboflow/hammer_16_jpg.rf.b68d7216a71544b9127949ebb4328060.jpg;[6.169118881225586, 61.322975158691406, 277.4055480957031, 376.3262939453125];hold on the hammer;[15, 53, 146.33, 187];0.19073742190751147
169;data/roboflow/allen_0_jpg.rf.9831ceb15ba0394c612a3ce5e77a0ab1.jpg;[27.2049503326416, 268.6112060546875, 1169.800048828125, 529.82861328125];hold on the allen key;[101, 115, 1060.38, 175];0.0
170;data/roboflow/allen_5_jpg.rf.59c0f99f54920817d8557916290da3c4.jpg;[0, 0, 0, 0];hold on the allen key;[43, 78.33, 184.94, 105];0.0
171;data/roboflow/hammer_0_jpg.rf.a367809a323966ccb20750815967b2dc.jpg;[45.16033172607422, 15.708475112915039, 151.80796813964844, 109.5741195678711];hold on the hammer;[113, 38.660000000000025, 249.33, 304];0.06336371145735467
172;data/roboflow/solder_17_jpg.rf.78859b21a0c6bf102e6eb651af7f0880.jpg;[41.9563102722168, 105.39537811279297, 649.0551147460938, 208.77987670898438];hold on the solder iron;[58, 199.21, 352.29, 246];0.03820389322821138
173;data/roboflow/hammer_12_jpg.rf.f19a2f6e8bbb763e189711e593efac7c.jpg;[69.57707214355469, 52.69810104370117, 89.71097564697266, 214.8153076171875];hold on the hammer;[74, 47.370000000000005, 87.33, 123];0.2809904106590522
174;data/roboflow/solder_4_jpg.rf.5aed0994a4415fcda7b62fdd8d456fef.jpg;[1255.0015869140625, 743.6029663085938, 1859.0999755859375, 1004.2315673828125];hold on the solder iron;[608, 735.25, 1179.25, 969];0.0
175;data/roboflow/wrench_6_jpg.rf.c87f7434a7bd8954688f4a8699d9f87d.jpg;[10.525741577148438, 24.4919490814209, 391.88568115234375, 250.815673828125];hold on the wrench;[153, 122.5, 339.5, 260];0.2718685868214163
176;data/roboflow/glue_18_jpg.rf.d0dda10f6eb24fe692aa23d0aab963e8.jpg;[0, 0, 0, 0];toggle on the glue gun;[1492, 714.3299999999999, 1668.66, 1241];0.0
177;data/roboflow/screwdriver_14_jpg.rf.43d008f5298fdb8d32a000dcbfc20d5f.jpg;[125.69400787353516, 118.92121887207031, 173.56527709960938, 325.6842041015625];hold on the screwdriver;[145, 315, 209, 397];0.020564731004083337
178;data/roboflow/drill_8_jpg.rf.446ff4194ea5f6f40308041f14723583.jpg;[51.04384994506836, 154.4757537841797, 1132.0238037109375, 977.4273681640625];toggle on the drill;[551, 590, 594, 674];0.004060278279535829
179;data/roboflow/hammer_2_jpg.rf.cd873a1251dafc8339f959a1543c129d.jpg;[3.223113775253296, 72.10643768310547, 277.3549499511719, 181.02064514160156];hold on the hammer;[19, 91.54000000000002, 209.23, 157];0.41707196508962796
180;data/roboflow/nail_19_jpg.rf.54dbcfec9351343785e8ae2341bcd152.jpg;[42.420265197753906, 37.6711311340332, 60.694801330566406, 62.93287658691406];toggle on the nail gun;[90, 122.26, 103.71000000000001, 130];0.0
181;data/roboflow/wrench_19_jpg.rf.b0b0e22ad6dbcee249bbf45b5b667751.jpg;[4.722249507904053, 48.59852981567383, 363.9137268066406, 496.88031005859375];hold on the wrench;[91, 141.09000000000003, 258.5, 364];0.2318821144371497
182;data/roboflow/drill_9_jpg.rf.f3f19c6472fe36549dc1526e4ccbadbc.jpg;[28.310335159301758, 172.68910217285156, 885.728271484375, 1175.3985595703125];toggle on the drill;[574, 558, 602, 648];0.0029311150497538293
183;data/roboflow/allen_8_jpg.rf.0c60c9593220eb8296792523463197ed.jpg;[115.86021423339844, 102.8005599975586, 378.9154357910156, 322.1397705078125];hold on the allen key;[145, 391.44, 340.56, 552];0.0
184;data/roboflow/glue_8_jpg.rf.0df23a4f53349dd006c1bab9b7f396ef.jpg;[47.50064468383789, 178.76397705078125, 988.1908569335938, 1015.611572265625];toggle on the glue gun;[649, 480, 676, 577];0.003326921094283029
185;data/roboflow/drill_1_jpg.rf.ad0311e1f82d679d8b11b5f7af83e7ba.jpg;[578.2210693359375, 452.6299743652344, 1048.9359130859375, 1613.2747802734375];toggle on the drill;[737, 1079.3400000000001, 825.33, 1181];0.016436188366220635
186;data/roboflow/screwdriver_13_jpg.rf.6eb41898b20b245ef9855ffd4d759eaf.jpg;[563.25390625, 553.8762817382812, 998.729736328125, 1049.9654541015625];hold on the screwdriver;[292, 652, 579, 987];0.017187543631514115
187;data/roboflow/saw_13_jpg.rf.6c2a2ffc316fe722a802dfdeaa792205.jpg;[289.0618591308594, 273.0261535644531, 872.2750854492188, 568.6061401367188];toggle on the circular saw;[737, 307.44, 755.33, 333];0.002717821468452233
188;data/roboflow/glue_16_jpg.rf.58133883125a2e8669acf4c349531813.jpg;[316.5749206542969, 57.61178970336914, 486.78472900390625, 478.0458068847656];toggle on the glue gun;[381, 428.5, 423.5, 561];0.028043222681674754
189;data/roboflow/hammer_11_jpg.rf.7127bdc7954f8ed0c83efa64f439d5ee.jpg;[77.67377471923828, 30.97492790222168, 104.14493560791016, 229.04714965820312];hold on the hammer;[79, 135.91, 103.32, 250];0.39373962852761063
190;data/roboflow/screwdriver_8_jpg.rf.ff89afcd7ff42203451f1b83d4282260.jpg;[311.08929443359375, 148.43443298339844, 419.4875183105469, 542.830810546875];hold on the screwdriver;[243, 94, 421, 563];0.512108799877639
191;data/roboflow/glue_4_jpg.rf.42589b357cb58229f80db34330c489a2.jpg;[304.45281982421875, 66.46416473388672, 377.5573425292969, 139.0096435546875];toggle on the glue gun;[382, 173, 408, 254];0.0
192;data/roboflow/drill_17_jpg.rf.6576ae60e8e062a8c7aee0fac775b675.jpg;[12.748851776123047, 86.74031829833984, 379.0624084472656, 351.0647277832031];toggle on the drill;[206, 228.32999999999998, 226, 261];0.0067482143337148385
193;data/roboflow/solder_8_jpg.rf.bd0265780fd448ad5ea358a0e3d9d140.jpg;[325.0592346191406, 369.4670715332031, 409.8011474609375, 468.9775085449219];hold on the solder iron;[434, 350.88, 757.12, 539];0.0
194;data/roboflow/wacker_10_jpg.rf.59b3c438afa5389e99aeb3141c689c70.jpg;[135.44650268554688, 54.7850456237793, 151.39259338378906, 84.01795959472656];toggle on the weed wacker;[259, 111.12, 278.38, 128];0.0
195;data/roboflow/allen_18_jpg.rf.f8eb96b280ed44d4ff2402621a4f2524.jpg;[120.39322662353516, 257.2391052246094, 407.7753601074219, 410.222900390625];hold on the allen key;[507, 316, 1058, 831];0.0
196;data/roboflow/wrench_17_jpg.rf.c962a7fe663f17b6539a8ba3b20f407b.jpg;[1288.0067138671875, 743.6552734375, 1565.135009765625, 1428.6038818359375];hold on the wrench;[1160, 1487, 1542.5, 2567];0.0
197;data/roboflow/solder_1_jpg.rf.2a611d6f4135cf0fe7dd546a00c68287.jpg;[111.54012298583984, 558.6319580078125, 217.16983032226562, 853.5269775390625];hold on the solder iron;[297, 317, 463, 793];0.0
198;data/roboflow/wacker_19_jpg.rf.3173357cc72f6961605adbc301c4d09f.jpg;[357.6676940917969, 294.09442138671875, 960.4434204101562, 433.35089111328125];toggle on the weed wacker;[619, 409.12, 648.38, 421];0.004158120739854948
199;data/roboflow/nail_3_jpg.rf.7da9e3dd7ccb178910591121f6b637a6.jpg;[75.69954681396484, 281.45697021484375, 95.66069793701172, 312.0993347167969];toggle on the nail gun;[191, 240, 230.28, 250];0.0
